﻿<?xml version="1.0"?>
<Setting xmlns:xsi="http://www.w3.org/2001/XMLSchema-instance" xmlns:xsd="http://www.w3.org/2001/XMLSchema">
  <FileType>Setting</FileType>
  <LanguageFilePath>Language.xml</LanguageFilePath>
  <UseableCate>3</UseableCate>
  <Main_Cate>
    <string>메모</string>
    <string>일기</string>
    <string>기타</string>
    <string>기타2</string>
    <string>기타3</string>
  </Main_Cate>
  <CatePath>
    <string>Memo</string>
    <string>Diary</string>
    <string>Etc</string>
    <string>Etc2</string>
    <string>Etc3</string>
  </CatePath>
  <UseCurrentPath>true</UseCurrentPath>
  <TreeViewPath>D:\DEV\Projects\TextDiary\TextDiary\bin\Release</TreeViewPath>
  <FolderCommentFile>_Comment.txt</FolderCommentFile>
  <NewTextName>새 텍스트 {0}.txt</NewTextName>
  <NewFolderName>새 폴더 {0}</NewFolderName>
  <Extensions>
    <string>*.txt</string>
  </Extensions>
  <TextExtension>txt</TextExtension>
  <SplitterDistance>154</SplitterDistance>
  <MinSplitterDistance>154</MinSplitterDistance>
  <AutoSplitterDistance>true</AutoSplitterDistance>
</Setting>